full_name,date
octocat/hello-world,2024-12-10
vercel/next.js,2023-11-09
facebook/react,2024-05-21
angular/angular,2023-12-28
vuejs/vue,2024-01-13
microsoft/vscode,2024-02-03
torvalds/linux,2023-08-14
apple/swift,2023-10-22
tensorflow/tensorflow,2024-04-18
pallets/flask,2024-01-30
django/django,2023-09-25
laravel/laravel,2023-11-19
spring-projects/spring-boot,2024-06-01
rust-lang/rust,2024-05-07
golang/go,2023-07-16
electron/electron,2023-10-05
twbs/bootstrap,2024-03-27
mui/material-ui,2023-08-21
nestjs/nest,2024-02-14
expressjs/express,2023-09-11
sindresorhus/awesome,2024-04-03
axios/axios,2023-12-10
reduxjs/redux,2024-12-10
d3/d3,2023-11-27
chartjs/Chart.js,2024-05-13